Country Name,Country Code,Region,IncomeGroup,Life Expectancy World Bank,Prevelance of Undernourishment,CO2,Health Expenditure %,Education Expenditure %,Unemployment,Corruption,Sanitation,Injuries,Communicable,NonCommunicable,Overall rank,Country or region,Score,GDP per capita,Social support,Healthy life expectancy,Freedom to make life choices,Generosity,Perceptions of corruption
Afghanistan,AFG,South Asia,Low income,0.768561069331321,26.9,0.000567841146345654,13.24220181,3.21377992630005,11.2170000076294,2.0,0.0,3481166.42,6034434.86,7601757.82,154,Afghanistan,3.203,0.35,0.517,0.361,0.0,0.158,0.025
Albania,ALB,Europe & Central Asia,Upper middle income,0.9314415328701413,4.3,0.0004510974881484661,0.0,3.91665005683899,11.4700002670288,0.0,47.57714147,82288.1,51797.42,631629.88,107,Albania,4.719,0.947,0.848,0.874,0.383,0.178,0.027
United Arab Emirates,ARE,Middle East & North Africa,High income,0.9243169943994841,6.0,0.017638565886700503,4.27504921,3.86736989021301,2.23000001907349,0.0,99.14769965,382562.41,120204.51,1637717.4,21,United Arab Emirates,6.825,1.503,1.31,0.825,0.598,0.262,0.182
Argentina,ARG,Latin America & Caribbean,Upper middle income,0.9088469067052949,3.5,0.015699687724395256,9.5100708,4.72417020797729,9.84000015258789,0.0,0.0,1454140.45,1433228.63,9699014.8,47,Argentina,6.086,1.092,1.432,0.881,0.471,0.066,0.05
Armenia,ARM,Europe & Central Asia,Upper middle income,0.8901168388456634,3.1,0.0005762467039867873,11.33526421,2.56185007095337,18.2999992370605,0.0,67.76279579,77080.05,65538.36,779634.15,116,Armenia,4.559,0.85,1.055,0.815,0.283,0.095,0.064
Australia,AUS,East Asia & Pacific,High income,0.9827358389642082,2.5,0.036099940848359754,9.91078568,0.0,5.15999984741211,0.0,73.29258189,748180.59,217234.75,5323684.11,11,Australia,7.228,1.372,1.548,1.036,0.557,0.332,0.29
Austria,AUT,Europe & Central Asia,High income,0.9708235389361621,2.5,0.00604918907962492,10.43403149,0.0,4.48999977111816,0.0,99.64076649,225666.76,75664.3,2230867.28,10,Austria,7.246,1.376,1.475,1.016,0.532,0.244,0.226
Azerbaijan,AZE,Europe & Central Asia,Upper middle income,0.8654358253749338,2.5,0.00331645368530543,4.03829002,2.68108010292053,4.84999990463257,0.0,21.03918997,246274.45,485453.75,2425972.43,90,Azerbaijan,5.208,1.043,1.147,0.769,0.351,0.035,0.182
Burundi,BDI,Sub-Saharan Africa,Low income,0.7300458854857876,0.0,6.724434979363046e-05,7.99091434,5.34668445587158,1.58899998664856,1.5,0.0,487718.13,3547847.19,1657543.9,145,Burundi,3.775,0.046,0.447,0.38,0.22,0.176,0.18
Belgium,BEL,Europe & Central Asia,High income,0.9720089862690503,2.5,0.008686662318649447,10.65604973,0.0,5.3600001335144,0.0,87.93986502,361437.86,167180.75,2868651.21,18,Belgium,6.923,1.356,1.504,0.986,0.473,0.16,0.21
Benin,BEN,Sub-Saharan Africa,Lower middle income,0.7322626719982883,7.7,0.0006817829816852454,2.38842916,2.96519994735718,1.47000002861023,3.5,0.0,408200.59,4206673.34,1914911.63,102,Benin,4.883,0.393,0.437,0.397,0.349,0.175,0.082
Burkina Faso,BFA,Sub-Saharan Africa,Low income,0.7299629041724854,14.1,0.0004669746327887515,5.46494246,5.69684505462646,4.69299983978271,3.5,0.0,1033604.87,9132747.88,4202706.27,115,Burkina Faso,4.587,0.331,1.056,0.38,0.255,0.177,0.113
Bangladesh,BGD,South Asia,Lower middle income,0.8605280734167772,11.0,0.008474655436337172,2.48357606,1.32632005214691,4.43800020217896,2.5,37.68488358,3193719.6,11672523.04,28256673.9,125,Bangladesh,4.456,0.562,0.928,0.723,0.527,0.166,0.143
Bulgaria,BGR,Europe & Central Asia,Upper middle income,0.890415513746852,3.0,0.0036554773684666043,7.12611389,0.0,4.23000001907349,0.0,70.4127472,254301.74,113444.29,2885594.96,97,Bulgaria,5.011,1.092,1.513,0.815,0.311,0.081,0.004
Bahrain,BHR,Middle East & North Africa,High income,0.9162559525358454,0.0,0.003106315100550492,4.01147509,2.09491229057312,1.19599997997284,0.0,91.23381816,28136.51,17671.65,240114.56,37,Bahrain,6.199,1.362,1.368,0.871,0.536,0.255,0.11
Bosnia and Herzegovina,BIH,Europe & Central Asia,Upper middle income,0.9175480901286932,2.5,0.0019678310740699275,9.04909897,0.0,15.6899995803833,0.0,0.0,108097.38,44868.5,997740.82,78,Bosnia and Herzegovina,5.386,0.945,1.212,0.845,0.212,0.263,0.006
Belarus,BLR,Europe & Central Asia,Upper middle income,0.8799199678483555,2.5,0.00538608524357424,5.86133957,4.97947978973389,4.15999984741211,0.0,74.12021631,474116.11,147516.56,3119030.26,81,Belarus,5.323,1.067,1.465,0.789,0.235,0.094,0.142
Bolivia,BOL,Latin America & Caribbean,Lower middle income,0.8477489511682439,11.9,0.0020864426735510777,6.9233799,0.0,3.8199999332428,0.0,51.4255202,384770.19,1018636.18,2247712.97,61,Bolivia,5.779,0.776,1.209,0.706,0.511,0.137,0.064
Brazil,BRA,Latin America & Caribbean,Upper middle income,0.8995292906687946,2.6,0.04056141546395619,9.5912714,0.0,11.9300003051758,0.0,47.8493132,9674037.03,9098465.25,46635945.49,32,Brazil,6.3,1.004,1.439,0.802,0.39,0.099,0.086
Bhutan,BTN,South Asia,Lower middle income,0.8508785321270683,0.0,9.80646684322203e-05,3.60761595,5.6758918762207,2.50200009346008,4.5,64.63002626,19966.53,61090.57,132917.78,95,Bhutan,5.082,0.813,1.321,0.604,0.457,0.37,0.167
Botswana,BWA,Sub-Saharan Africa,Upper middle income,0.8249765079034641,22.1,0.0006771132175436897,6.04836559,6.91436862945557,22.6100006103516,0.0,0.0,118812.92,570962.71,433926.1,148,Botswana,3.488,1.041,1.145,0.538,0.455,0.025,0.1
Central African Republic,CAF,Sub-Saharan Africa,Low income,0.6316419023827491,49.2,2.241478187285065e-05,7.75300884,1.76871228218079,5.6230001449585,2.5,13.94619233,388818.06,3014630.66,1000223.98,155,Central African Republic,3.083,0.026,0.0,0.105,0.225,0.235,0.035
Canada,CAN,North America,High income,0.9726450799598682,2.5,0.0541886723902069,10.84447765,0.0,5.65999984741211,0.0,84.36813002,919731.38,429529.27,8633778.43,9,Canada,7.278,1.365,1.505,1.039,0.584,0.285,0.308
Switzerland,CHE,Europe & Central Asia,High income,0.9946481389922541,2.5,0.003491102454485247,11.29148102,0.0,4.3899998664856,0.0,99.63862569,222902.14,84137.81,1937774.53,6,Switzerland,7.48,1.452,1.526,1.052,0.572,0.263,0.343
Chile,CHL,Latin America & Caribbean,High income,0.9505035259829815,2.6,0.00853349469609847,9.33272362,0.0,7.28999996185303,0.0,77.15227438,517285.68,289529.01,3710127.51,26,Chile,6.444,1.159,1.369,0.92,0.357,0.187,0.056
China,CHN,East Asia & Pacific,Upper middle income,0.9117512526708706,2.5,1.0,5.3502779,3.53999996185303,4.51999998092651,0.0,68.03605785,35618966.21,21948791.67,324637810.5,93,China,5.191,1.029,1.125,0.893,0.521,0.058,0.1
Cameroon,CMR,Sub-Saharan Africa,Lower middle income,0.7028754326159932,6.7,0.0008807141859414548,3.59539533,3.08087658882141,3.63800001144409,2.5,0.0,965883.2,8291011.16,4275622.09,96,Cameroon,5.044,0.549,0.91,0.331,0.381,0.187,0.037
Colombia,COL,Latin America & Caribbean,Upper middle income,0.916196680169201,7.2,0.00756872493374569,7.70943594,4.5062198638916,9.96000003814697,0.0,18.16657441,2057580.09,1329645.2,8180313.65,43,Colombia,6.125,0.985,1.41,0.841,0.47,0.099,0.034
Comoros,COM,Sub-Saharan Africa,Lower middle income,0.762491578986934,0.0,2.9886375830467565e-05,5.17030334,0.0,8.08199977874756,2.5,0.0,22959.42,117613.24,118499.1,142,Comoros,3.973,0.274,0.757,0.505,0.142,0.275,0.078
Costa Rica,CRI,Latin America & Caribbean,Upper middle income,0.9516652643692118,3.4,0.0007695741734594599,7.27393246,6.79584980010986,11.4899997711182,0.0,30.33322335,146395.56,85036.5,858381.78,12,Costa Rica,7.167,1.034,1.441,0.963,0.558,0.144,0.093
Cyprus,CYP,Europe & Central Asia,High income,0.959998959119415,2.5,0.0006715095272943253,7.00903225,0.0,7.07000017166138,0.0,77.07995022,31860.45,11705.26,277136.75,49,Cyprus,6.046,1.263,1.223,1.042,0.406,0.19,0.041
Germany,DEU,Europe & Central Asia,High income,0.9636819415892511,2.5,0.061397826999214665,11.69724941,0.0,3.14000010490417,0.0,97.11994168,1993729.93,964084.88,24352417.88,17,Germany,6.985,1.373,1.454,0.987,0.495,0.261,0.265
Denmark,DNK,Europe & Central Asia,High income,0.9655613093121227,2.5,0.0027738293900198626,9.95583057,0.0,5.01999998092651,0.0,91.8892027,120229.35,72914.52,1508210.76,2,Denmark,7.6,1.383,1.573,0.996,0.592,0.252,0.41
Dominican Republic,DOM,Latin America & Caribbean,Upper middle income,0.8781912386768095,7.0,0.0025431438074147335,5.929142,4.04276990890503,6.3600001335144,0.0,0.0,445925.22,718196.59,2145242.04,77,Dominican Republic,5.425,1.015,1.401,0.779,0.497,0.113,0.101
Algeria,DZA,Middle East & North Africa,Lower middle income,0.9113719095243464,2.5,0.01599388117301474,6.24337101,6.10035991668701,10.5129995346069,0.0,17.8390633,1176358.65,1498294.9,7447484.97,88,Algeria,5.211,1.002,1.16,0.785,0.086,0.073,0.114
Ecuador,ECU,Latin America & Caribbean,Upper middle income,0.912912991057101,13.7,0.0036694867499596144,7.81824684,4.22565984725952,3.80999994277954,0.0,41.69898671,698163.37,677848.36,2999085.47,50,Ecuador,6.028,0.912,1.312,0.868,0.498,0.126,0.087
Spain,ESP,Europe & Central Asia,High income,0.9937807385047751,2.5,0.022412914076302737,9.13213158,0.0,14.1000003814697,0.0,95.66549892,923644.79,494856.88,11233598.7,30,Spain,6.354,1.286,1.484,1.062,0.362,0.153,0.079
Estonia,EST,Europe & Central Asia,High income,0.9323109572920916,2.5,0.0009507603808597694,6.7304492,0.0,4.44999980926514,0.0,93.06132184,44911.04,17540.08,393304.6,55,Estonia,5.893,1.237,1.528,0.874,0.495,0.103,0.161
Ethiopia,ETH,Sub-Saharan Africa,Low income,0.7894723602834663,21.9,0.0017147309086040384,3.23808599,0.0,2.32599997520447,3.0,6.480693308,2810543.91,22129553.05,13114232.55,134,Ethiopia,4.286,0.336,1.033,0.532,0.344,0.209,0.1
Finland,FIN,Europe & Central Asia,High income,0.9718644195211371,2.5,0.00380210737466041,9.15348339,0.0,6.69000005722046,0.0,84.09986558,174896.2,38136.21,1457999.01,1,Finland,7.769,1.34,1.587,0.986,0.596,0.153,0.393
France,FRA,Europe & Central Asia,High income,0.9818684384767292,2.5,0.028067042303067825,11.05747223,0.0,8.40999984741211,0.0,78.58911692,1973126.7,758581.72,15334917.58,24,France,6.592,1.324,1.472,1.045,0.436,0.111,0.183
Gabon,GAB,Sub-Saharan Africa,Upper middle income,0.7879312787507119,16.6,0.0004903233644281891,2.76836205,2.73232412338257,20.742000579834,0.0,0.0,57444.84,262574.39,303091.09,104,Gabon,4.799,1.057,1.183,0.571,0.295,0.043,0.055
United Kingdom,GBR,Europe & Central Asia,High income,0.9626410610042764,2.5,0.03258735902861247,10.15402699,0.0,3.74000000953674,0.0,98.08153743,1288814.64,1032897.07,17390579.55,15,United Kingdom,7.054,1.333,1.538,0.996,0.45,0.348,0.278
Georgia,GEO,Europe & Central Asia,Upper middle income,0.8744689340515408,7.8,0.0009442226754342479,6.65744257,3.80864000320435,11.5699996948242,0.0,34.72227577,134035.9,92210.47,1222059.41,119,Georgia,4.519,0.886,0.666,0.752,0.346,0.043,0.164
Ghana,GHA,Sub-Saharan Africa,Lower middle income,0.7595635240747005,5.2,0.001871634413722921,3.41858864,0.0,4.31599998474121,3.5,12.86554531,864675.09,6428231.58,4992952.6,98,Ghana,4.996,0.611,0.868,0.486,0.381,0.245,0.04
Guinea,GIN,Sub-Saharan Africa,Low income,0.7302592660057075,0.0,0.0003689099643565312,3.98389959,1.84836995601654,5.01999998092651,2.5,0.0,476199.6,4826880.33,2169346.53,118,Guinea,4.534,0.38,0.829,0.375,0.332,0.207,0.086
Greece,GRC,Europe & Central Asia,High income,0.9677876372299856,2.5,0.005603695593465018,7.83788586,0.0,17.3099994659424,0.0,90.94585502,229974.33,134132.16,3018964.93,82,Greece,5.287,1.181,1.156,0.999,0.067,0.0,0.034
Guatemala,GTM,Latin America & Caribbean,Upper middle income,0.8808110772824921,16.3,0.001803455981951888,6.21161032,3.19928002357483,2.19000005722046,0.0,0.0,955698.6,1136486.62,3015212.86,27,Guatemala,6.436,0.8,1.269,0.746,0.535,0.175,0.078
Honduras,HND,Latin America & Caribbean,Lower middle income,0.8922862074648485,13.3,0.0009544961743593433,7.2839179,4.91284990310669,5.69999980926514,2.5,49.31748103,392599.94,437975.24,1726716.98,59,Honduras,5.86,0.642,1.236,0.828,0.507,0.246,0.078
Croatia,HRV,Europe & Central Asia,High income,0.9296798424800716,2.5,0.0015428842294868423,6.97861767,0.0,6.61999988555908,0.0,69.08965145,155470.19,42941.13,1277757.16,75,Croatia,5.432,1.155,1.266,0.914,0.296,0.119,0.022
Haiti,HTI,Latin America & Caribbean,Lower middle income,0.7586981475216923,46.4,0.0003100711499369472,4.72808981,0.0,13.914999961853,2.5,0.0,806311.39,2210544.3,2873989.88,147,Haiti,3.597,0.323,0.688,0.449,0.026,0.419,0.11
Hungary,HUN,Europe & Central Asia,High income,0.9047276217902567,2.5,0.004331656793504999,6.35002232,0.0,3.42000007629395,0.0,87.75110139,346860.69,110905.48,3247169.04,62,Hungary,5.758,1.201,1.41,0.828,0.199,0.081,0.02
Indonesia,IDN,East Asia & Pacific,Lower middle income,0.8501554092540066,6.2,0.057889913785720504,2.90493584,2.84185004234314,3.61999988555908,0.0,0.0,5349013.42,16068961.2,56014795.86,92,Indonesia,5.192,0.931,1.203,0.66,0.491,0.498,0.028
India,IND,South Asia,Lower middle income,0.8257351941965125,14.6,0.2294059626641017,3.0141468,4.40722990036011,5.26999998092651,0.0,43.90429017,53563909.73,143214465.1,271097354.6,140,India,4.015,0.755,0.765,0.588,0.498,0.2,0.085
Ireland,IRL,Europe & Central Asia,High income,0.9803938576480148,2.5,0.0033388686244395734,6.67931509,0.0,4.94999980926514,0.0,82.77712007,90416.72,48853.61,1047086.68,16,Ireland,7.021,1.499,1.553,0.999,0.516,0.298,0.31
Iraq,IRQ,Middle East & North Africa,Upper middle income,0.8369732349122913,17.4,0.01630301815190596,4.47671509,0.0,12.8629999160767,0.0,43.1273041,2028459.97,1485902.02,6779801.63,126,Iraq,4.437,1.043,0.98,0.574,0.241,0.148,0.089
Iceland,ISL,Europe & Central Asia,High income,0.9858584807191328,2.5,0.0001531676782186858,8.63868046,0.0,3.50999999046326,0.0,83.68803443,6755.56,3333.12,67186.17,4,Iceland,7.494,1.38,1.624,1.026,0.591,0.354,0.118
Israel,ISR,Middle East & North Africa,High income,0.9816082183304854,2.5,0.005851192291352404,7.46131897,0.0,3.79999995231628,0.0,94.20534806,158797.37,105327.58,1570065.22,13,Israel,7.139,1.276,1.455,1.029,0.371,0.261,0.082
Italy,ITA,Europe & Central Asia,High income,0.989819609611954,2.5,0.029628605589120876,8.66856861,0.0,9.94999980926514,0.0,95.77703292,1216149.04,552868.23,16313740.19,36,Italy,6.223,1.294,1.488,1.039,0.231,0.158,0.03
Jamaica,JAM,Latin America & Caribbean,Upper middle income,0.8828619011683884,7.5,0.0007835834658841281,6.09748316,5.16364002227783,7.69000005722046,0.0,0.0,63291.58,105439.9,594914.96,56,Jamaica,5.89,0.831,1.478,0.831,0.49,0.107,0.028
Jordan,JOR,Middle East & North Africa,Upper middle income,0.8834664793081612,14.6,0.0023003169627372486,7.58246946,2.98847007751465,16.8099994659424,0.0,82.08366975,212904.08,322105.2,1604619.31,101,Jordan,4.906,0.837,1.225,0.815,0.383,0.11,0.13
Japan,JPN,East Asia & Pacific,High income,1.0,2.8,0.10101314570073669,10.74372482,0.0,2.40000009536743,0.0,81.03379461,3298052.16,2030122.25,31250149.03,58,Japan,5.886,1.327,1.419,1.088,0.445,0.069,0.14
Kazakhstan,KAZ,Europe & Central Asia,Upper middle income,0.867510358207488,2.5,0.019809997929168197,2.78745675,2.8569700717926,4.80000019073486,0.0,0.0,839920.11,567073.75,4372561.53,60,Kazakhstan,5.809,1.173,1.508,0.729,0.41,0.146,0.096
Kenya,KEN,Sub-Saharan Africa,Lower middle income,0.7906815165630122,25.6,0.002080839027835883,4.59182692,4.97439002990723,5.01000022888184,3.0,0.0,1184580.73,9981772.22,6514141.14,121,Kenya,4.509,0.512,0.983,0.581,0.431,0.372,0.053
Cambodia,KHM,East Asia & Pacific,Lower middle income,0.8277148912424355,6.0,0.0015111299402062713,6.98908329,0.0,0.146999999880791,1.5,0.0,523902.77,1602953.55,3243329.33,109,Cambodia,4.7,0.574,1.122,0.637,0.609,0.232,0.062
Kuwait,KWT,Middle East & North Africa,High income,0.8948823371238734,2.5,0.008653040088084913,5.49601221,6.49243021011353,2.16700005531311,0.0,100.0,80255.9,70784.64,608525.86,51,Kuwait,6.021,1.5,1.319,0.808,0.493,0.142,0.097
Lebanon,LBN,Middle East & North Africa,Lower middle income,0.9356735798485519,9.0,0.0026103882685437996,8.64661503,2.59202003479004,11.3500003814697,0.0,16.53432546,109396.75,121494.22,1120166.57,91,Lebanon,5.197,0.987,1.224,0.815,0.216,0.166,0.027
Liberia,LBR,Sub-Saharan Africa,Low income,0.7599191582745669,39.2,0.00011020600843938627,8.47005749,2.27039003372192,3.01500010490417,2.5,0.0,112419.93,1206620.39,656823.31,141,Liberia,3.975,0.073,0.922,0.443,0.37,0.233,0.033
Libya,LBY,Middle East & North Africa,Upper middle income,0.8643452138286768,0.0,0.005304831757225539,0.0,0.0,19.6550006866455,0.0,21.61704948,307299.87,138822.26,1261130.61,72,Libya,5.525,1.044,1.303,0.673,0.416,0.133,0.152
Sri Lanka,LKA,South Asia,Lower middle income,0.9125336479105767,3.7,0.0022209314176725083,4.07979679,1.92999994754791,4.34999990463257,3.0,0.0,747286.53,561234.44,4412887.34,130,Sri Lanka,4.366,0.949,1.265,0.831,0.47,0.244,0.047
Lesotho,LSO,Sub-Saharan Africa,Lower middle income,0.6440653904314161,31.2,7.191409166810092e-05,11.26946354,7.99171209335327,22.4400005340576,3.0,45.82040047,170550.1,1023104.35,454034.4,144,Lesotho,3.802,0.489,1.169,0.168,0.359,0.107,0.093
Lithuania,LTU,Europe & Central Asia,High income,0.9042939215465172,2.5,0.001095522445769604,7.00600433,0.0,6.26000022888184,0.0,93.91542258,137809.87,43646.43,914173.77,42,Lithuania,6.149,1.238,1.515,0.818,0.291,0.043,0.042
Luxembourg,LUX,Europe & Central Asia,High income,0.9796421105588663,2.5,0.0008863178316566478,5.37075996,0.0,5.59000015258789,0.0,96.76533819,14570.92,6042.26,131618.06,14,Luxembourg,7.09,1.609,1.479,1.012,0.526,0.194,0.316
Latvia,LVA,Europe & Central Asia,High income,0.89368272224969,2.5,0.0007069996100744718,6.57814217,0.0,6.30999994277954,0.0,81.08653606,84070.87,33118.26,651849.04,53,Latvia,5.94,1.187,1.465,0.812,0.264,0.075,0.064
Morocco,MAR,Middle East & North Africa,Lower middle income,0.9090010148585704,4.4,0.006675869663868558,5.30845118,5.93135690689087,9.27999973297119,0.0,39.00630913,1081044.55,1431057.28,7597359.83,89,Morocco,5.208,0.801,0.782,0.782,0.418,0.036,0.076
Moldova,MDA,Europe & Central Asia,Upper middle income,0.8523484868198495,0.0,0.0008274790172370646,6.3779459,6.10378980636597,5.09999990463257,2.5,0.0,145912.84,99599.43,1120227.64,71,Moldova,5.529,0.685,1.328,0.739,0.245,0.181,0.0
Madagascar,MDG,Sub-Saharan Africa,Low income,0.7947357464414895,47.4,0.00038478708672972994,3.68728375,2.99485874176025,1.85699999332428,2.5,10.05791673,596008.21,6084479.07,4045294.79,143,Madagascar,3.933,0.274,0.916,0.555,0.148,0.169,0.041
Mexico,MEX,Latin America & Caribbean,Upper middle income,0.8897256412258103,6.0,0.04195953762853318,5.43305254,0.0,3.48000001907349,0.0,54.88172246,4845347.59,3665959.98,25469089.6,23,Mexico,6.595,1.07,1.323,0.861,0.433,0.074,0.073
North Macedonia,MKD,Europe & Central Asia,Upper middle income,0.9080815703418426,3.1,0.0007751779082429957,7.25409985,0.0,17.2600002288818,0.0,12.18440354,60390.62,33615.57,655550.98,84,North Macedonia,5.274,0.983,1.294,0.838,0.345,0.185,0.034
Mali,MLI,Sub-Saharan Africa,Low income,0.7030413952425973,5.6,0.0005444924147062165,3.89389849,3.48410224914551,7.44199991226196,3.0,19.22903769,917064.7,10446688.28,3483913.85,128,Mali,4.39,0.385,1.105,0.308,0.327,0.153,0.052
Malta,MLT,Middle East & North Africa,High income,0.9822443120213035,2.5,0.0001550355749684736,8.21444321,0.0,3.61999988555908,0.0,91.86797469,9202.64,5685.89,108042.18,22,Malta,6.726,1.3,1.52,0.999,0.564,0.375,0.151
Myanmar,MMR,East Asia & Pacific,Lower middle income,0.7958382124610753,2.5,0.0034294618172080677,4.67856407,2.13986992835999,0.5,2.5,60.76766634,1730115.29,4993210.91,12699265.84,131,Myanmar,4.36,0.71,1.181,0.555,0.525,0.566,0.172
Montenegro,MNE,Europe & Central Asia,Upper middle income,0.9090357108780696,2.5,0.0002428268001433167,8.32983208,0.0,15.1199998855591,0.0,45.62698827,21365.51,7297.25,180765.74,73,Montenegro,5.523,1.051,1.361,0.871,0.197,0.142,0.08
Mongolia,MNG,East Asia & Pacific,Lower middle income,0.8282720514888929,4.0,0.002154620927185428,3.76607823,4.94088983535767,5.43900012969971,3.0,54.52952347,174613.69,161261.57,835408.23,83,Mongolia,5.285,0.948,1.531,0.667,0.317,0.235,0.038
Mozambique,MOZ,Sub-Saharan Africa,Low income,0.7213921199557047,31.8,0.0007004619491831273,7.83351135,6.0844202041626,3.46600008010864,2.5,0.0,1032743.51,11750994.35,4386537.55,123,Mozambique,4.466,0.204,0.986,0.39,0.494,0.197,0.138
Mauritania,MRT,Sub-Saharan Africa,Lower middle income,0.769651680877578,9.2,0.0003689099643565312,3.30329728,1.82437002658844,10.3929996490479,3.0,0.0,102403.25,626351.46,512329.29,122,Mauritania,4.49,0.57,1.167,0.489,0.066,0.106,0.088
Mauritius,MUS,Sub-Saharan Africa,Upper middle income,0.880026947241811,7.2,0.0003894568508712866,6.19943714,4.71929979324341,6.32999992370605,0.0,0.0,29876.03,36780.42,355910.13,57,Mauritius,5.888,1.12,1.402,0.798,0.498,0.215,0.06
Malawi,MWI,Sub-Saharan Africa,Low income,0.761804019533859,17.6,0.00013542264796215545,7.39341164,3.71131992340088,5.7519998550415,2.5,23.95893214,421938.54,4566247.69,2516337.99,150,Malawi,3.41,0.191,0.56,0.495,0.443,0.218,0.089
Malaysia,MYS,East Asia & Pacific,Upper middle income,0.9027892708342369,2.6,0.0236541334483076,3.82514191,4.15661001205444,3.25999999046326,0.0,0.0,831900.61,1214136.65,5694065.19,80,Malaysia,5.339,1.221,1.171,0.828,0.508,0.26,0.024
Namibia,NAM,Sub-Saharan Africa,Upper middle income,0.7552247868363301,18.9,0.0003941265704786709,8.49700546,8.92702674865723,19.988000869751,0.0,0.0,101189.7,495609.33,382303.1,113,Namibia,4.639,0.879,1.313,0.477,0.401,0.07,0.056
Niger,NER,Sub-Saharan Africa,Low income,0.7399562251887318,0.0,0.00020079910100599725,5.6686306,3.52752876281738,0.554000020027161,3.0,15.80861376,817740.13,11409427.88,3286003.35,114,Niger,4.628,0.138,0.774,0.366,0.318,0.188,0.102
Nigeria,NGA,Sub-Saharan Africa,Lower middle income,0.6482855829364975,12.0,0.01076656701956999,3.02666044,0.0,8.52999973297119,3.0,29.90451468,5186514.39,79850657.61,31050075.61,85,Nigeria,5.265,0.696,1.111,0.245,0.426,0.215,0.041
Nicaragua,NIC,Latin America & Caribbean,Lower middle income,0.8829804459016772,17.5,0.000489389393786209,8.4039259,4.59999990463257,5.21099996566772,2.5,0.0,165692.0,212833.85,1074763.3,45,Nicaragua,6.105,0.694,1.325,0.835,0.435,0.2,0.127
Netherlands,NLD,Europe & Central Asia,High income,0.9733968270490168,2.5,0.013667413210438779,10.13031101,0.0,3.38000011444092,0.0,97.49694295,363153.64,193731.96,4243514.68,5,Netherlands,7.488,1.396,1.522,0.999,0.557,0.322,0.298
Norway,NOR,Europe & Central Asia,High income,0.9834297593541915,2.5,0.003357547681005802,10.52134705,0.0,3.69000005722046,0.0,65.038926,125234.37,59204.16,1182175.35,3,Norway,7.554,1.488,1.582,1.028,0.603,0.271,0.341
Nepal,NPL,South Asia,Lower middle income,0.8390359132715166,4.8,0.0012561617443880696,4.44515085,4.23999977111816,3.09699988365173,3.0,45.51677912,888008.1,2714999.74,5685683.23,100,Nepal,4.913,0.446,1.226,0.677,0.439,0.285,0.089
New Zealand,NZL,East Asia & Pacific,High income,0.9685972110182993,2.5,0.0031763612954688047,9.74117661,0.0,4.1100001335144,0.0,81.37003053,155869.7,44909.12,1014994.88,8,New Zealand,7.307,1.303,1.557,1.026,0.585,0.33,0.38
Pakistan,PAK,South Asia,Lower middle income,0.7974859842537897,14.1,0.017798271838155372,3.37992716,2.50755000114441,3.54200005531311,3.0,0.0,5979739.34,47062987.0,41196152.36,67,Pakistan,5.653,0.677,0.886,0.535,0.313,0.22,0.098
Panama,PAN,Latin America & Caribbean,High income,0.9306472831571064,5.4,0.0012458883345313249,7.58405781,3.12736010551453,4.72599983215332,0.0,0.0,119368.29,153852.63,688534.19,31,Panama,6.321,1.149,1.442,0.91,0.516,0.109,0.054
Peru,PER,Latin America & Caribbean,Upper middle income,0.9096648653649877,8.1,0.00530016208215233,5.21506882,3.81996011734009,3.38000011444092,0.0,50.29633874,849586.16,1563343.37,5094963.04,65,Peru,5.697,0.96,1.274,0.854,0.455,0.083,0.027
Philippines,PHL,East Asia & Pacific,Lower middle income,0.8444059896894994,5.5,0.013581490049016801,4.07676649,3.23436999320984,2.24000000953674,0.0,59.45034649,3073241.11,8523125.51,21101747.88,69,Philippines,5.631,0.807,1.293,0.657,0.558,0.117,0.107
Poland,POL,Europe & Central Asia,High income,0.9235212990189701,2.5,0.02756364513101881,6.44682503,0.0,3.27999997138977,0.0,90.48484629,1441732.14,522922.4,10691778.04,40,Poland,6.182,1.206,1.438,0.884,0.483,0.117,0.05
Portugal,PRT,Europe & Central Asia,High income,0.9682213374737251,2.5,0.004169149464534231,9.53145981,0.0,6.46000003814697,0.0,84.95823014,222625.69,190691.94,2925747.68,66,Portugal,5.693,1.221,1.431,0.999,0.508,0.047,0.025
Paraguay,PRY,Latin America & Caribbean,Upper middle income,0.8802420625627059,8.2,0.0007667723506018635,7.17281008,3.46971011161804,6.59000015258789,0.0,59.52012529,234162.59,250406.84,1214116.13,63,Paraguay,5.743,0.855,1.475,0.777,0.514,0.184,0.08
Qatar,QAT,Middle East & North Africa,High income,0.9510488317561101,0.0,0.008589531509523771,2.9106288,2.80378007888794,0.100000001490116,0.0,97.2,86920.9,31178.27,331803.99,29,Qatar,6.374,1.684,1.313,0.871,0.555,0.22,0.167
Romania,ROU,Europe & Central Asia,High income,0.8962849237121271,2.5,0.00690655453392694,5.74447823,0.0,3.91000008583069,0.0,82.33872542,693007.26,392766.07,6365741.05,48,Romania,6.07,1.162,1.232,0.825,0.462,0.083,0.005
Rwanda,RWA,Sub-Saharan Africa,Low income,0.8182431670526599,35.2,0.0001242152563298829,6.41066742,3.23707413673401,1.09800004959106,3.5,0.0,423894.53,2049319.36,1822418.0,152,Rwanda,3.334,0.359,0.711,0.614,0.555,0.217,0.411
Saudi Arabia,SAU,Middle East & North Africa,High income,0.8906621446187919,3.9,0.048918397368597946,5.68828773,6.79473543167114,5.6729998588562,0.0,57.84887229,2080319.56,636590.66,5614439.16,28,Saudi Arabia,6.375,1.403,1.357,0.795,0.439,0.08,0.132
Senegal,SEN,Sub-Saharan Africa,Lower middle income,0.8054047724374821,7.4,0.0009918541093551089,4.13226938,5.34887504577637,2.85999989509583,3.5,23.76426935,334986.7,2919710.61,2219121.17,111,Senegal,4.681,0.45,1.134,0.571,0.292,0.153,0.072
Singapore,SGP,East Asia & Pacific,High income,0.9909761435952594,0.0,0.00442505172006275,4.08152914,2.73621010780334,3.09999990463257,0.0,100.0,91559.87,84309.18,871899.33,34,Singapore,6.262,1.572,1.463,1.141,0.556,0.271,0.453
Sierra Leone,SLE,Sub-Saharan Africa,Low income,0.6483922731964575,27.9,8.405543167526669e-05,8.74976635,7.4470100402832,4.64900016784668,3.0,13.78175184,290513.5,3050253.71,1399862.43,129,Sierra Leone,4.374,0.268,0.841,0.242,0.309,0.252,0.045
El Salvador,SLV,Latin America & Caribbean,Lower middle income,0.8691344210535445,8.3,0.0007284804449641206,7.16578436,3.38515996932983,4.17000007629395,0.0,0.0,351337.99,210118.91,1195102.98,35,El Salvador,6.253,0.794,1.242,0.789,0.43,0.093,0.074
Somalia,SOM,Sub-Saharan Africa,Low income,0.6804112056577643,54.8,6.444249910217683e-05,0.0,0.0,18.8279991149902,2.0,30.62027551,1031148.09,8975838.97,3026841.19,112,Somalia,4.668,0.0,0.698,0.268,0.559,0.243,0.27
Serbia,SRB,Europe & Central Asia,Upper middle income,0.9001882259057831,3.7,0.0042914969465833045,8.67206478,3.61647009849548,10.3900003433228,0.0,18.22948719,273205.78,113109.97,2889862.28,70,Serbia,5.603,1.004,1.383,0.854,0.282,0.137,0.039
South Sudan,SSD,Sub-Saharan Africa,Low income,0.6857338641824317,0.0,0.00015877137960159304,6.04213858,0.0,12.2259998321533,1.5,0.0,336753.79,3601055.49,1305031.76,156,South Sudan,2.853,0.306,0.575,0.295,0.01,0.202,0.091
Slovenia,SVN,Europe & Central Asia,High income,0.9664865364987668,2.5,0.0012701710368127387,8.52386475,0.0,4.44999980926514,0.0,70.38911168,83176.33,21463.76,520966.97,44,Slovenia,6.118,1.258,1.523,0.953,0.564,0.144,0.057
Sweden,SWE,Europe & Central Asia,High income,0.985222387028315,2.5,0.003268822429521261,10.86749268,0.0,6.82999992370605,0.0,94.91781768,241775.21,103748.7,2403126.02,7,Sweden,7.343,1.387,1.487,1.009,0.574,0.267,0.373
Chad,TCD,Sub-Saharan Africa,Low income,0.642974778885159,31.7,0.0002101385847549382,4.3536315,2.37245988845825,1.12300002574921,2.5,9.951135834,626720.09,8496915.83,2459705.38,132,Chad,4.35,0.35,0.766,0.192,0.174,0.198,0.078
Togo,TGO,Sub-Saharan Africa,Low income,0.7236207609415343,20.1,0.00022134596525366692,5.72606897,4.06914329528809,3.71900010108948,3.0,9.103834173,246081.26,1992666.23,1190315.76,139,Togo,4.085,0.275,0.572,0.41,0.293,0.177,0.085
Thailand,THA,East Asia & Pacific,Upper middle income,0.9145726173231443,8.0,0.024944850592287127,3.78912091,2.96898007392883,0.720000028610229,0.0,25.60781395,2558536.21,2598556.82,15412177.71,52,Thailand,6.008,1.05,1.409,0.828,0.557,0.359,0.028
Tajikistan,TJK,Europe & Central Asia,Lower middle income,0.8428174902634294,0.0,0.0008797802152994758,7.10529375,5.71290016174316,7.06099987030029,2.0,0.0,251082.57,713234.86,1720197.95,74,Tajikistan,5.467,0.493,1.098,0.718,0.389,0.23,0.144
Turkmenistan,TKM,Europe & Central Asia,Upper middle income,0.8083683907697022,3.5,0.006805688554780089,6.56862497,3.12065005302429,4.26800012588501,0.0,0.0,130922.5,287422.31,1171525.14,87,Turkmenistan,5.247,1.052,1.538,0.657,0.394,0.244,0.028
Tunisia,TUN,Middle East & North Africa,Lower middle income,0.909226249851819,2.6,0.0027934422390913758,6.95845938,0.0,15.1300001144409,0.0,79.61799057,289270.66,241279.18,2340692.29,124,Tunisia,4.461,0.921,1.0,0.815,0.167,0.059,0.055
Tanzania,TZA,Sub-Saharan Africa,Lower middle income,0.7759464062152136,23.4,0.0011627668178303193,3.82769322,3.59683632850647,2.22199988365173,3.0,26.23827758,1478236.12,13341065.72,8469064.37,153,Tanzania,3.231,0.476,0.885,0.499,0.417,0.276,0.147
Uganda,UGA,Sub-Saharan Africa,Low income,0.7511942659045108,0.0,0.0005472942820979843,3.82522416,1.52999997138977,1.92499995231628,2.5,0.0,1075386.68,10705517.62,5288253.75,136,Uganda,4.189,0.332,1.069,0.443,0.356,0.252,0.06
Ukraine,UKR,Europe & Central Asia,Lower middle income,0.8514750145289584,2.6,0.01631889511840953,7.09860182,5.44129991531372,8.1899995803833,0.0,71.97733771,2677198.11,1279508.7,17610060.43,133,Ukraine,4.332,0.82,1.39,0.739,0.178,0.187,0.01
Uruguay,URY,Latin America & Caribbean,High income,0.9235938715264225,2.5,0.0006061330519833969,9.34783173,4.70325994491577,8.88000011444092,0.0,0.0,130120.49,74036.98,857057.52,33,Uruguay,6.293,1.124,1.465,0.891,0.523,0.127,0.15
United States,USA,North America,High income,0.9339879315678841,2.5,0.44995062564112104,16.76706314,0.0,3.67000007629395,0.0,98.27522266,10129022.26,4968922.31,95976524.31,19,United States,6.892,1.433,1.457,0.874,0.454,0.28,0.128
Uzbekistan,UZB,Europe & Central Asia,Lower middle income,0.8502620995139665,2.5,0.010900121793049462,5.61760426,7.00186014175415,5.84999990463257,2.5,0.0,1087494.2,1913988.83,7059738.93,41,Uzbekistan,6.174,0.745,1.529,0.756,0.631,0.322,0.24
Vietnam,VNM,East Asia & Pacific,Lower middle income,0.8938272889976031,6.2,0.03142645792535757,5.24965572,4.06197023391724,2.03999996185303,0.0,0.0,3100141.17,3281846.28,19429515.98,94,Vietnam,5.175,0.741,1.346,0.851,0.543,0.147,0.073
South Africa,ZAF,Sub-Saharan Africa,Upper middle income,0.7602392290544467,6.3,0.041060146879939134,9.10935497,5.9177098274231,28.4699993133545,0.0,0.0,3174676.1,13198944.71,10214261.89,106,South Africa,4.722,0.96,1.351,0.469,0.389,0.13,0.055
Zambia,ZMB,Sub-Saharan Africa,Low income,0.757334883088871,0.0,0.0006350855184063703,5.31220293,4.46517992019653,12.5200004577637,2.5,0.0,510982.75,4837094.0,2649687.82,138,Zambia,4.107,0.578,1.058,0.426,0.431,0.247,0.087
Zimbabwe,ZWE,Sub-Saharan Africa,Lower middle income,0.7289315649928728,0.0,0.0010983243576955424,7.70356494,0.0,4.83300018310547,2.5,25.96354376,644798.93,4187087.31,2364031.48,146,Zimbabwe,3.663,0.366,1.114,0.433,0.361,0.151,0.089
